{
  "openai": {
    "provider": "openai",
    "set_at": 1771746695.871819,
    "expires_at": 1779522695.871819,
    "last_rotated": null
  },
  "anthropic": {
    "provider": "anthropic",
    "set_at": 1771746695.2419298,
    "expires_at": 1776930695.2419298,
    "last_rotated": 1771746695.2419298
  },
  "openrouter": {
    "provider": "openrouter",
    "set_at": 1771746695.401503,
    "expires_at": 1772610695.401503,
    "last_rotated": null
  }
}