{
  "openai": {
    "provider": "openai",
    "set_at": 1771738137.6506848,
    "expires_at": 1779514137.6506848,
    "last_rotated": null
  },
  "anthropic": {
    "provider": "anthropic",
    "set_at": 1771738137.027438,
    "expires_at": 1776922137.027438,
    "last_rotated": 1771738137.027438
  },
  "openrouter": {
    "provider": "openrouter",
    "set_at": 1771738137.1817737,
    "expires_at": 1772602137.1817737,
    "last_rotated": null
  }
}