{
  "openai": {
    "provider": "openai",
    "set_at": 1771754960.5241783,
    "expires_at": 1779530960.5241783,
    "last_rotated": null
  },
  "anthropic": {
    "provider": "anthropic",
    "set_at": 1771754959.8981583,
    "expires_at": 1776938959.8981583,
    "last_rotated": 1771754959.8981583
  },
  "openrouter": {
    "provider": "openrouter",
    "set_at": 1771754960.0527732,
    "expires_at": 1772618960.0527732,
    "last_rotated": null
  }
}