{
  "openai": {
    "provider": "openai",
    "set_at": 1771782324.1870887,
    "expires_at": 1779558324.1870887,
    "last_rotated": null
  },
  "anthropic": {
    "provider": "anthropic",
    "set_at": 1771782323.556503,
    "expires_at": 1776966323.556503,
    "last_rotated": 1771782323.556503
  },
  "openrouter": {
    "provider": "openrouter",
    "set_at": 1771782323.7113612,
    "expires_at": 1772646323.7113612,
    "last_rotated": null
  }
}